{
    "$schema": "http://json-schema.org/draft-04/schema#",
    "title": "ChangeAvailabilityRequest",
    "type": "object",
    "properties": {
        "connectorId": {
            "type": "integer"
        },
        "type": {
            "type": "string",
            "additionalProperties": false,
            "enum": [
                "Inoperative",
                "Operative"
            ]
        }
    },
    "additionalProperties": false,
    "required": [
        "connectorId",
        "type"
    ]
}
