{
    "$schema": "http://json-schema.org/draft-04/schema#",
    "title": "ClearChargingProfileRequest",
    "type": "object",
    "properties": {
        "id": {
            "type": "integer"
        },
        "connectorId": {
            "type": "integer"
        },
        "chargingProfilePurpose": {
            "type": "string",
            "additionalProperties": false,
            "enum": [
                "ChargePointMaxProfile",
                "TxDefaultProfile",
                "TxProfile"
            ]
        },
        "stackLevel": {
            "type": "integer"
        }
    },
    "additionalProperties": false
}
