{
  "$schema": "http://json-schema.org/draft-06/schema#",
  "comment": "OCPP 2.0.1 FINAL",
  "definitions": {
	"CustomDataType": {
	  "description": "This class does not get 'AdditionalProperties = false' in the schema generation, so it can be extended with arbitrary JSON properties to allow adding custom data.",
	  "javaType": "CustomData",
	  "type": "object",
	  "properties": {
		"vendorId": {
		  "type": "string",
		  "maxLength": 255
		}
	  },
	  "required": [
		"vendorId"
	  ]
	},
	"MonitoringBaseEnumType": {
	  "description": "Specify which monitoring base will be set\r\n",
	  "javaType": "MonitoringBaseEnum",
	  "type": "string",
	  "additionalProperties": false,
	  "enum": [
		"All",
		"FactoryDefault",
		"HardWiredOnly"
	  ]
	}
  },
  "type": "object",
  "additionalProperties": false,
  "properties": {
	"customData": {
	  "$ref": "#/definitions/CustomDataType"
	},
	"monitoringBase": {
	  "$ref": "#/definitions/MonitoringBaseEnumType"
	}
  },
  "required": [
	"monitoringBase"
  ]
}