﻿{
  "$schema": "http://json-schema.org/draft-06/schema#",
  "comment": "OCPP 2.0 - v1p0",
  "definitions": {
    "ClearMonitoringStatusEnumType": {
      "type": "string",
      "additionalProperties": true,
      "enum": [
        "Accepted",
        "Rejected",
        "NotFound"
      ]
    },
    "ClearMonitoringResultType": {
      "javaType": "ClearMonitoringResult",
      "type": "object",
      "additionalProperties": true,
      "properties": {
        "id": {
          "type": "integer"
        },
        "status": {
          "$ref": "#/definitions/ClearMonitoringStatusEnumType"
        }
      },
      "required": [
        "id",
        "status"
      ]
    }
  },
  "type": "object",
  "additionalProperties": true,
  "properties": {
    "clearMonitoringResult": {
      "type": "array",
      "additionalItems": false,
      "items": {
        "$ref": "#/definitions/ClearMonitoringResultType"
      },
      "minItems": 1
    }
  },
  "required": [
    "clearMonitoringResult"
  ]
}