﻿{
  "$schema": "http://json-schema.org/draft-06/schema#",
  "comment": "OCPP 2.0 - v1p0",
  "definitions": {
    "ChargingLimitSourceEnumType": {
      "type": "string",
      "additionalProperties": true,
      "enum": [
        "EMS",
        "Other",
        "SO",
        "CSO"
      ]
    },
    "ChargingProfilePurposeEnumType": {
      "type": "string",
      "additionalProperties": true,
      "enum": [
        "ChargingStationExternalConstraints",
        "ChargingStationMaxProfile",
        "TxDefaultProfile",
        "TxProfile"
      ]
    },
    "ChargingProfileCriterionType": {
      "javaType": "ChargingProfileCriterion",
      "type": "object",
      "additionalProperties": true,
      "properties": {
        "chargingProfilePurpose": {
          "$ref": "#/definitions/ChargingProfilePurposeEnumType"
        },
        "stackLevel": {
          "type": "integer"
        },
        "chargingProfileId": {
          "type": "array",
          "additionalItems": false,
          "items": {
            "type": "integer"
          },
          "minItems": 1
        },
        "chargingLimitSource": {
          "type": "array",
          "additionalItems": false,
          "items": {
            "$ref": "#/definitions/ChargingLimitSourceEnumType"
          },
          "minItems": 1,
          "maxItems": 4
        }
      }
    }
  },
  "type": "object",
  "additionalProperties": true,
  "properties": {
    "requestId": {
      "type": "integer"
    },
    "evseId": {
      "type": "integer"
    },
    "chargingProfile": {
      "$ref": "#/definitions/ChargingProfileCriterionType"
    }
  },
  "required": [
    "chargingProfile"
  ]
}