﻿{
  "$schema": "http://json-schema.org/draft-06/schema#",
  "comment": "OCPP 2.0 - v1p0",
  "type": "object",
  "additionalProperties": true,
  "properties": {
    "typeOfCertificate": {
      "type": "string",
      "additionalProperties": true,
      "enum": [
        "V2GRootCertficate",
        "MORootCertificate",
        "CSOSubCA1",
        "CSOSubCA2",
        "CSMSRootCertificate",
        "ManufacturerRootCertificate"
      ]
    }
  },
  "required": [
    "typeOfCertificate"
  ]
}