﻿{
  "$schema": "http://json-schema.org/draft-06/schema#",
  "comment": "OCPP 2.0 - v1p0",
  "definitions": {
    "ComponentCriterionEnumType": {
      "type": "string",
      "additionalProperties": true,
      "enum": [
        "Active",
        "Available",
        "Enabled",
        "Problem"
      ]
    },
    "ComponentType": {
      "javaType": "Component",
      "type": "object",
      "additionalProperties": true,
      "properties": {
        "evse": {
          "$ref": "#/definitions/EVSEType"
        },
        "name": {
          "type": "string",
          "maxLength": 50
        },
        "instance": {
          "type": "string",
          "maxLength": 50
        }
      },
      "required": [
        "name"
      ]
    },
    "ComponentVariableType": {
      "javaType": "ComponentVariable",
      "type": "object",
      "additionalProperties": true,
      "properties": {
        "component": {
          "$ref": "#/definitions/ComponentType"
        },
        "variable": {
          "$ref": "#/definitions/VariableType"
        }
      },
      "required": [
        "component",
        "variable"
      ]
    },
    "EVSEType": {
      "javaType": "EVSE",
      "type": "object",
      "additionalProperties": true,
      "properties": {
        "id": {
          "type": "integer"
        },
        "connectorId": {
          "type": "integer"
        }
      },
      "required": [
        "id"
      ]
    },
    "VariableType": {
      "javaType": "Variable",
      "type": "object",
      "additionalProperties": true,
      "properties": {
        "name": {
          "type": "string",
          "maxLength": 50
        },
        "instance": {
          "type": "string",
          "maxLength": 50
        }
      },
      "required": [
        "name"
      ]
    }
  },
  "type": "object",
  "additionalProperties": true,
  "properties": {
    "componentVariable": {
      "type": "array",
      "additionalItems": false,
      "items": {
        "$ref": "#/definitions/ComponentVariableType"
      },
      "minItems": 1
    },
    "requestId": {
      "type": "integer"
    },
    "componentCriteria": {
      "type": "array",
      "additionalItems": false,
      "items": {
        "$ref": "#/definitions/ComponentCriterionEnumType"
      },
      "minItems": 1,
      "maxItems": 4
    }
  }
}