﻿{
  "$schema": "http://json-schema.org/draft-06/schema#",
  "comment": "OCPP 2.0 - v1p0",
  "definitions": {
    "ChargingRateUnitEnumType": {
      "type": "string",
      "additionalProperties": true,
      "enum": [
        "W",
        "A"
      ]
    },
    "ChargingSchedulePeriodType": {
      "javaType": "ChargingSchedulePeriod",
      "type": "object",
      "additionalProperties": true,
      "properties": {
        "startPeriod": {
          "type": "integer"
        },
        "limit": {
          "type": "number"
        },
        "numberPhases": {
          "type": "integer"
        },
        "phaseToUse": {
          "type": "integer"
        }
      },
      "required": [
        "startPeriod",
        "limit"
      ]
    },
    "ChargingScheduleType": {
      "javaType": "ChargingSchedule",
      "type": "object",
      "additionalProperties": true,
      "properties": {
        "startSchedule": {
          "type": "string",
          "format": "date-time"
        },
        "duration": {
          "type": "integer"
        },
        "chargingRateUnit": {
          "$ref": "#/definitions/ChargingRateUnitEnumType"
        },
        "chargingSchedulePeriod": {
          "type": "array",
          "additionalItems": false,
          "items": {
            "$ref": "#/definitions/ChargingSchedulePeriodType"
          },
          "minItems": 1
        },
        "minChargingRate": {
          "type": "number"
        }
      },
      "required": [
        "chargingRateUnit"
      ]
    }
  },
  "type": "object",
  "additionalProperties": true,
  "properties": {
    "timeBase": {
      "type": "string",
      "format": "date-time"
    },
    "chargingSchedule": {
      "$ref": "#/definitions/ChargingScheduleType"
    },
    "evseId": {
      "type": "integer"
    }
  },
  "required": [
    "timeBase",
    "evseId",
    "chargingSchedule"
  ]
}