﻿{
  "$schema": "http://json-schema.org/draft-06/schema#",
  "comment": "OCPP 2.0 - v1p0",
  "type": "object",
  "additionalProperties": true,
  "properties": {
    "type": {
      "type": "string",
      "additionalProperties": true,
      "enum": [
        "FirmwareUpdated",
        "FailedToAuthenticateAtCsms",
        "CsmsFailedToAuthenticate",
        "SettingSystemTime",
        "StartupOfTheDevice",
        "ResetOrReboot",
        "SecurityLogWasCleared",
        "ReconfigurationOfSecurityParameters",
        "MemoryExhaustion",
        "InvalidMessages",
        "AttemptedReplayAttacks",
        "TamperDetectionActivated",
        "InvalidFirmwareSignature",
        "InvalidFirmwareSigningCertificate",
        "InvalidCsmsCertificate",
        "InvalidChargingStationCertificate",
        "InvalidTLSVersion",
        "InvalidTLSCipherSuite"
      ]
    },
    "timestamp": {
      "type": "string",
      "format": "date-time"
    }
  },
  "required": [
    "type",
    "timestamp"
  ]
}